Brand_name,Brand_url,Brand_Introduction,Brand_Price,Brand_Version
AMOREPACIFIC,https://www.sephora.com/product/the-essential-icons-P428093?icid2=products%20grid:p428093:product,The Essential Icons,$72.00 ,
tarte,https://www.sephora.com/product/brazilliance-tm-plus-self-tanner-mitt-P407616?icid2=products%20grid:p407616:product,Brazilliance? PLUS+ Self-Tanner + Mitt,$39.00 ,Exclusive
Moroccanoil,https://www.sephora.com/product/moisture-shine-travel-kit-P416559?skuId=1906262&icid2=products%20grid:p416559:product,Moisture & Shine Travel Kit,$26.00 ,Online Only
Anastasia Beverly Hills,https://www.sephora.com/product/moonchild-glow-kit-P41983035?icid2=products%20grid:p41983035:product,Moonchild Glow Kit,$40.00 ,
Giorgio Armani Beauty,https://www.sephora.com/product/acqua-di-gio-pour-homme-set-P437014?icid2=products%20grid:p437014:product,Acqua Di Gio Pour Homme Set,$89.00 ,Limited Edition
lancome,https://www.sephora.com/product/la-vie-est-belle-passions-gift-set-P436770?icid2=products%20grid:p436770:product,La Vie Est Belle Passions Gift Set,$95.00 ,Limited Edition
philosophy,https://www.sephora.com/product/festival-ready-kit-P428933?icid2=products%20grid:p428933:product,Festival Ready Kit,$39.00 ,Limited edition
NAILS INC.,https://www.sephora.com/product/nail-porn-duo-P436272?icid2=products%20grid:p436272:product,Nail Porn Nail Polish Duo,$15.00 ,Limited Edition
Clarisonic,https://www.sephora.com/product/poreless-skin-holiday-gift-set-mia-smart-x-kiehl-s-P436914?icid2=products%20grid:p436914:product,Poreless Skin Holiday Gift Set: Mia Smart x Kiehl's,$199.00 ,Limited Edition
Benefit Cosmetics,https://www.sephora.com/product/confection-cuties-P436410?icid2=products%20grid:p436410:product,Confection Cuties Set,$19.00 ,LimitedEdition
Versace,https://www.sephora.com/product/bright-crystal-gift-set-P435311?icid2=products%20grid:p435311:product,Bright Crystal Gift Set,$99.00 ,Limited Edition
clinique,https://www.sephora.com/product/cleansing-by-clinique-P436639?icid2=products%20grid:p436639:product,Cleansing by Clinique,$89.50 ,Limited edition
FENTY BEAUTY by Rihanna,https://www.sephora.com/product/killawatt-foil-freestyle-highlighter-palette-P37378513?icid2=products%20grid:p37378513:product,Killawatt Foil Freestyle Highlighter Palette,$54.00 ,Limited Edition
Tatcha,https://www.sephora.com/product/skincare-for-makeup-lovers-obento-box-P435394?icid2=products%20grid:p435394:product,Skincare For Makeup Lovers Obento Box,$64.00 ,Limited Edition
Hourglass,https://www.sephora.com/product/ambient-lighting-edit-volume-4-P436402?icid2=products%20grid:p436402:product,Ambient Lighting Edit Volume 4,$80.00 ,LimitedEdition
Sephora Favorites,https://www.sephora.com/product/holiday-perfume-sampler-P435370?icid2=products%20grid:p435370:product,Holiday Perfume Sampler,$65.00 ,LimitedEdition
HUDA BEAUTY,https://www.sephora.com/product/obsessions-eyeshadow-palette-P425909?icid2=products%20grid:p425909:product,Obsessions Eyeshadow Palette,$27.00 ,Limited Edition
Hourglass,https://www.sephora.com/product/confession-refillable-lipstick-duo-P436441?icid2=products%20grid:p436441:product,Confession Refillable Lipstick Duo,$34.00 ,Limited Edition
Anastasia Beverly Hills,https://www.sephora.com/product/sultry-eyeshadow-palette-P436870?icid2=products%20grid:p436870:product,Sultry Eyeshadow Palette,$45.00 ,Limited Edition
FENTY BEAUTY by Rihanna,https://www.sephora.com/product/stunna-lip-paint-P39787544?icid2=products%20grid:p39787544:product,Stunna Lip Paint Longwear Fluid Lip Color,$24.00 ,LimitedEdition
Too Faced,https://www.sephora.com/product/gingerbread-spice-eye-shadow-palette-P435953?icid2=products%20grid:p435953:product,Gingerbread Spice Eye Shadow Palette,$49.00 ,LimitedEdition
Urban Decay,https://www.sephora.com/product/all-nighter-long-lasting-makeup-setting-spray-duo-P436035?icid2=products%20grid:p436035:product,All Nighter Long-Lasting Makeup Setting Spray Duo,$39.00 ,Limited Edition
Kiehl's Since 1851,https://www.sephora.com/product/brighten-up-glow-P436373?icid2=products%20grid:p436373:product,Brighten Up & Glow,$99.00 ,Limited Edition
Hourglass,https://www.sephora.com/product/confession-refillable-lipstick-set-P436440?icid2=products%20grid:p436440:product,Confession Refillable Lipstick Set,$60.00 ,Limited Edition
Sephora Favorites,https://www.sephora.com/product/give-me-more-lip-P436327?icid2=products%20grid:p436327:product,Give Me More Lip,$68.00 ,Limited Edition
Sephora Favorites,https://www.sephora.com/product/lashstash-P436325?icid2=products%20grid:p436325:product,Lashstash,$48.00 ,
tarte,https://www.sephora.com/product/pineapple-my-eye-collector-s-set-P435947?icid2=products%20grid:p435947:product,Pineapple Of My Eye Collector's Set,$59.00 ,Limited Edition
Urbandecay,https://www.sephora.com/product/all-nighter-long-lasting-makeup-setting-spray-jumbo-P436254?icid2=products%20grid:p436254:product,All Nighter Long-Lasting Makeup Setting Spray Jumbo,$39.00 ,Limited Edition
Hourglass,https://www.sephora.com/product/ambient-lighting-edit-unlocked-P436439?icid2=products%20grid:p436439:product,Ambient Lighting Edit Unlocked Palette,$80.00 ,First Access
Drunk Elephant,https://www.sephora.com/product/inspector-drunk-night-kit-P436098?icid2=products%20grid:p436098:product,Inspector Drunk? Night Kit,$98.00 ,Limited Edition
dyson,https://www.sephora.com/product/special-edition-supersonic-gift-set-P436396?icid2=products%20grid:p436396:product,Special Edition Supersonic Gift Set,$399.00 ,Limited Edition
Drunk Elephant,https://www.sephora.com/product/the-big-reveal-P436099?icid2=products%20grid:p436099:product,The Big Reveal? Kit,$88.00 ,Limited Edition
Sol de Janeiro,https://www.sephora.com/product/bum-bum-carnaval-extravaganza-P436097?icid2=products%20grid:p436097:product,Bum Bum Carnaval Extravaganza,$59.00 ,Limited Edition
Sol de Janeiro,https://www.sephora.com/product/biggie-biggie-bum-bum-cream-P436921?icid2=products%20grid:p436921:product,Biggie Biggie Bum Bum Cream,$75.00 ,Limited edition
Fresh,https://www.sephora.com/product/sugar-jetsetter-P436354?icid2=products%20grid:p436354:product,Sugar Jetsetter,$45.00 ,Limited Edition
MILK MAKEUP,https://www.sephora.com/product/meet-fam-milk-bestsellers-set-P436256?icid2=products%20grid:p436256:product,Meet The Fam Milk Bestsellers Set,$39.00 ,Limited Edition
Peter Thomas Roth,https://www.sephora.com/product/mask-frenzy-P436381?icid2=products%20grid:p436381:product,Mask Frenzy,$75.00 ,Limited Edition
Dr.Jart+,https://www.sephora.com/product/superheroes-skin-transformers-P436128?icid2=products%20grid:p436128:product,Superheroes Skin Transformers,$52.00 ,Limited Edition
Anastasia Beverly Hills,https://www.sephora.com/product/soft-glam-eyeshadow-palette-P58930227?icid2=products%20grid:p58930227:product,Soft Glam Eyeshadow Palette,$42.00 ,
Beautyblender,https://www.sephora.com/product/sweet-indulgence-beauty-sampler-set-P436401?icid2=products%20grid:p436401:product,Sweet Indulgence Set,$65.00 ,Limited Edition
Algenist,https://www.sephora.com/product/secrets-algae-kit-P436142?icid2=products%20grid:p436142:product,Secrets of Algae Kit,$115.00 ,Limited Edition
Fresh,https://www.sephora.com/product/sky-high-dration-P436350?icid2=products%20grid:p436350:product,Sky High-dration,$65.00 ,Limited Edition
FENTY BEAUTY by Rihanna,https://www.sephora.com/product/match-stix-trio-P44543278?icid2=products%20grid:p44543278:product,Match Stix Trio,$54.00 ,Exclusive
dyson,https://www.sephora.com/product/blown-a-ouai-noir-set-P436409?icid2=products%20grid:p436409:product,Blown-A-OUAI Noir Set,$399.00 ,LimitedEdition
Fresh,https://www.sephora.com/product/destination-sugar-P436352?icid2=products%20grid:p436352:product,Destination Sugar,$25.00 ,Limited Edition
Drybar,https://www.sephora.com/product/big-crushin-smoothing-styling-bundle-P434225?icid2=products%20grid:p434225:product,The Big Crushin¡¯ Smoothing + Styling Bundle,$299.00 ,Limited Edition
Tatcha,https://www.sephora.com/product/bestsellers-set-P420977?icid2=products%20grid:p420977:product,Bestsellers Set,$60.00 ,Limited Edition
BECCA,https://www.sephora.com/product/shimmering-skin-perfector-pressed-highlighter-mini-macaron-set-P435423?icid2=products%20grid:p435423:product,Shimmering Skin Perfector? Pressed Highlighter Mini Macaron Set,$40.00 ,Limited Edition
Living proof,https://www.sephora.com/product/perfect-hair-day-jumbo-set-P435940?icid2=products%20grid:p435940:product,Perfect Hair Day Jumbo Set,$79.00 ,LimitedEdition
NARS,https://www.sephora.com/product/orgasm-infatuation-palette-P436257?icid2=products%20grid:p436257:product,Orgasm Infatuation Palette,$42.00 ,Limited Edition
OLEHENRIKSEN,https://www.sephora.com/product/glow-brightly-P436910?icid2=products%20grid:p436910:product,Glow Brightly? - Radiance-Boosting Super Set,$49.00 ,Limited Edition
Kiehl's Since 1851,https://www.sephora.com/product/bright-delights-P436126?icid2=products%20grid:p436126:product,Bright Delights,$49.00 ,Limited Edition
Glow Recipe,https://www.sephora.com/product/watermelon-holiday-set-P436693?icid2=products%20grid:p436693:product,Limited Edition Watermelon Jelly Tote Set,$40.00 ,Limited Edition
Benefit Cosmetics,https://www.sephora.com/product/sweeten-up-buttercup-makeup-set-P436400?icid2=products%20grid:p436400:product,"Sweeten Up, Buttercup! Makeup Set",$39.00 ,Limited Edition
Urbandecay,https://www.sephora.com/product/double-dose-eyeshadow-primer-potion-P436036?icid2=products%20grid:p436036:product,Double Dose Eyeshadow Primer Potion,$28.00 ,Limited Edition
ALTERNA Haircare,https://www.sephora.com/product/caviar-anti-aging-r-replenishing-moisture-jumbo-kit-P436725?icid2=products%20grid:p436725:product,CAVIAR Anti-Aging? Replenishing Moisture Jumbo Kit,$99.00 ,Limited Edition
Fresh,https://www.sephora.com/product/mask-for-miles-P436357?icid2=products%20grid:p436357:product,Mask for Miles,$75.00 ,Limited Edition
Sephora Favorites,https://www.sephora.com/product/lashstash-to-go-P437095?icid2=products%20grid:p437095:product,Lashstash To Go,$28.00 ,Limited Edition
Tatcha,https://www.sephora.com/product/pore-perfecting-moisturizer-cleanser-duo-P428418?icid2=products%20grid:p428418:product,Pore-Perfecting Moisturizer & Cleanser Duo,$25.00 ,Limited Edition
beautyblender,https://www.sephora.com/product/sweet-surprise-mystery-blind-bag-P436421?icid2=products%20grid:p436421:product,Sweet Surprise Mystery Blind Bag,$20.00 ,
Bite Beauty,https://www.sephora.com/product/sweet-treats-agave-lip-care-set-P436865?icid2=products%20grid:p436865:product,Sweet Treats Agave Lip Care Set,$12.00 ,Limited Edition
Dr. Jart+,https://www.sephora.com/product/mask-heroes-face-savers-P436125?icid2=products%20grid:p436125:product,Mask Heroes Face Savers,$36.00 ,Limited Edition
Sephora Favorites,https://www.sephora.com/product/glow-for-it-P436326?icid2=products%20grid:p436326:product,Glow For It,$28.00 ,
Miu Miu,https://www.sephora.com/product/l-eau-rosee-mini-gift-set-P437401?icid2=products%20grid:p437401:product,L'eau Rosee Mini Gift Set,$28.00 ,Limited Edition
Bite Beauty,https://www.sephora.com/product/agave-treat-trio-mini-agave-lip-mask-set-P436407?icid2=products%20grid:p436407:product,Agave Treat Trio Mini Agave Lip Mask Set,$18.00 ,Limited edition
huda beauty,https://www.sephora.com/product/desert-dusk-eyeshadow-palette-P424149?icid2=products%20grid:p424149:product,Desert Dusk Eyeshadow Palette,$65.00 ,exclusive
Sephora Favorites,https://www.sephora.com/product/best-hair-ever-P436721?icid2=products%20grid:p436721:product,Best Hair Ever,$25.00 ,Limited Edition
Fresh,https://www.sephora.com/product/ready-set-firm-P436358?icid2=products%20grid:p436358:product,"Ready, Set, Firm",$112.00 ,Limited Edition
Too Faced,https://www.sephora.com/product/under-christmas-tree-breakaway-face-eye-set-P435952?icid2=products%20grid:p435952:product,Under the Christmas Tree Breakaway Face & Eye Set,$49.00 ,Limited Edition
Benefit Cosmetics,https://www.sephora.com/product/magical-brow-stars-blockbuster-brow-set-P437284?icid2=products%20grid:p437284:product,Magical Brow Stars! Blockbuster Brow Set,$59.00 ,Limited Edition
Marc Jacobs Beauty,https://www.sephora.com/product/o-mega-glaze-all-over-foil-luminizer-P435967?icid2=products%20grid:p435967:product,O!Mega Glaze All-Over Foil Luminizer,$49.00 ,Limited Edition
FENTY BEAUTY by Rihanna,https://www.sephora.com/product/bomb-baby-mini-lip-face-set-P427643?icid2=products%20grid:p427643:product,Bomb Baby Mini Lip and Face Set,$23.00 ,exclusive
Too Faced,https://www.sephora.com/product/dream-queen-limited-edition-make-up-collection-P435851?icid2=products%20grid:p435851:product,Dream Queen Limited-Edition Make Up Collection,$58.00 ,Limited Edition
Caudalie,https://www.sephora.com/product/brightening-heroes-P437256?icid2=products%20grid:p437256:product,Brightening Heroes,$79.00 ,Limited Edition
Urban Decay,https://www.sephora.com/product/naked-heat-palette-P420913?icid2=products%20grid:p420913:product,Naked Heat Palette,$29.00 - $54.00,
Shiseido,https://www.sephora.com/product/everyday-protection-essentials-P436655?icid2=products%20grid:p436655:product,Everyday Protection Essentials,$34.00 ,Limited Edition
belif,https://www.sephora.com/product/merry-merry-moisturizers-P436686?icid2=products%20grid:p436686:product,Merry Merry Moisturizers,$38.00 ,Limited Edition
NARS,https://www.sephora.com/product/orgasm-blush-P13248578?icid2=products%20grid:p13248578:product,Orgasm Blush,$39.00 ,
Anastasia Beverly Hills,https://www.sephora.com/product/modern-renaissance-eye-shadow-palette-P409118?icid2=products%20grid:p409118:product,Modern Renaissance Eye Shadow Palette,$42.00 ,
LANEIGE,https://www.sephora.com/product/sleep-glow-set-P436692?icid2=products%20grid:p436692:product,Sleep and Glow Set,$39.00 ,Limited Edition
Lancome,https://www.sephora.com/product/lancome-holiday-favorites-P435212?icid2=products%20grid:p435212:product,Lanc?me Holiday Favorites,$78.00 ,Limited Edition
amika,https://www.sephora.com/product/polished-perfection-mini-straightening-brush-P423905?icid2=products%20grid:p423905:product,Polished Perfection Mini Straightening Brush,$35.00 ,Limited Edition
Sephora Favorites,https://www.sephora.com/product/give-me-some-nude-lip-P433854?icid2=products%20grid:p433854:product,Give Me Some Nude Lip,$28.00 ,Limited Edition
Grande Cosmetics,https://www.sephora.com/product/grande-lash-md-ornament-P436729?icid2=products%20grid:p436729:product,GrandeLASH? - MD Jumbo Ornament,$99.00 ,Limited Edition
OLEHENRIKSEN,https://www.sephora.com/product/3-little-wonders-P124716?icid2=products%20grid:p124716:product,3 Little Wonders?,$72.00 ,Exclusive
stila,https://www.sephora.com/product/aura-alight-glitter-glow-highlighter-liquid-eyeshadow-set-P435966?icid2=products%20grid:p435966:product,Aura Alight Glitter & Glow Highlighter and Liquid Eyeshadow Set,$45.00 ,Limited Edition
Briogeo,https://www.sephora.com/product/hair-o-scopes-brightest-stars-bestsellers-P435405?icid2=products%20grid:p435405:product,Hair-O-Scopes Brightest Stars Bestsellers,$39.00 ,Limited Edition
stila,https://www.sephora.com/product/3d-dazzle-glitter-glow-liquid-shadow-set-P435968?icid2=products%20grid:p435968:product,3D Dazzle Mini Glitter & Glow Liquid Shadow Set,$25.00 ,Limited Edition
IT Cosmetics,https://www.sephora.com/product/it-s-your-life-changing-skincare-secret-P437241?icid2=products%20grid:p437241:product,IT's Your Life-Changing Skincare Secret,$68.00 ,Limited Edition
Drunk Elephant,https://www.sephora.com/product/out-office-duo-P436101?icid2=products%20grid:p436101:product,Out of Office,$25.00 ,limited Edition
OLEHENRIKSEN,https://www.sephora.com/product/true-giving-truth-serum-P423267?icid2=products%20grid:p423267:product,Truth Serum - Starlight Holiday Edition,$128.00 ,Limited Edition
Kaja,https://www.sephora.com/product/beauty-bento-bounce-shimmer-eyeshadow-trio-P436148?icid2=products%20grid:p436148:product,Beauty Bento Bouncy Shimmer Eyeshadow Trio,$21.00 ,Exclusive
Clarisonic,https://www.sephora.com/product/mia-smart-cleanse-uplift-holiday-gift-set-P436915?icid2=products%20grid:p436915:product,Mia Smart Cleanse & Uplift Holiday Gift Set,$249.00 ,Limited Edition
Herbivore,https://www.sephora.com/product/hydrate-glow-natural-skincare-mini-collection-P432655?icid2=products%20grid:p432655:product,Hydrate + Glow Natural Skincare Mini Collection,$39.00 ,
Saturday Skin,https://www.sephora.com/product/no-bad-days-set-P433147?icid2=products%20grid:p433147:product,No Bad Days Set,$39.00 ,Limited Edition
tarte,https://www.sephora.com/product/rainforest-the-sea-highlighting-eyeshadow-palette-vol-iii-P419718?icid2=products%20grid:p419718:product,Highlighting Eyeshadow Palette Vol. III - Rainforest Of The Sea? Collection,$36.00 ,Limited Edition
FENTY BEAUTY by Rihanna,https://www.sephora.com/product/avalanche-all-over-metallic-powder-set-P09773777?icid2=products%20grid:p09773777:product,Avalanche All-Over Metallic Powder Set,$99.00 ,Limited Edition
tarte,https://www.sephora.com/product/dream-team-liner-trio-P436406?icid2=products%20grid:p436406:product,Tarteist? Dream Team Liner Trio,$17.00 ,Limited Edition
Natasha Denona,https://www.sephora.com/product/mini-star-eyeshadow-palette-P436273?icid2=products%20grid:p436273:product,Mini Star Eyeshadow Palette,$25.00 ,Exclusive
Peter Thomas Roth,https://www.sephora.com/product/get-drenched-P436115?icid2=products%20grid:p436115:product,Get Drenched!,$52.00 ,Limited Edition
CLINIQUE,https://www.sephora.com/product/go-to-glow-set-P436635?icid2=products%20grid:p436635:product,Go-To Glow Set,$39.50 ,Limited Edition
AMOREPACIFIC,https://www.sephora.com/product/12-days-essential-beauty-P437675?icid2=products%20grid:p437675:product,12 Days of Essential Beauty,$65.00 ,Limited Edition
Bite Beauty,https://www.sephora.com/product/four-little-bites-mini-amuse-bouche-lipstick-set-P436398?icid2=products%20grid:p436398:product,Four Little Bites Amuse Bouche Lipstick Set,$25.00 ,Limited Edition
Farmacy,https://www.sephora.com/product/cream-the-crop-P436687?icid2=products%20grid:p436687:product,Cream of the Crop,$42.00 ,Limited Edition
Peter Thomas Roth,https://www.sephora.com/product/you-got-power-anti-aging-kit-P433455?icid2=products%20grid:p433455:product,You Got The Power Anti-Aging Kit,$95.00 ,Limited Edition
Drybar,https://www.sephora.com/product/glitter-gang-P436073?icid2=products%20grid:p436073:product,Glitter Gang,$215.00 ,Limited Edition
FENTY BEAUTY by Rihanna,https://www.sephora.com/product/mini-fairy-bomb-P14741473?icid2=products%20grid:p14741473:product,Mini Fairy Bomb,$20.00 ,Limited Edition
tarte,https://www.sephora.com/product/quench-squad-hydrating-mini-lip-set-P436405?icid2=products%20grid:p436405:product,Quench Squad Hydrating Mini Lip Set - Rainforest of the Sea? Collection,$20.00 ,Limited Edition
Grande Cosmetics,https://www.sephora.com/product/lash-brow-transformation-enhancing-serums-P433892?icid2=products%20grid:p433892:product,Lash & Brow Transformation Enhancing Serums,$45.00 ,Limited Edition
Est¨¦e Lauder,https://www.sephora.com/product/repair-renew-for-radiant-youthful-looking-skin-P436902?icid2=products%20grid:p436902:product,"Repair and Renew for Radiant, Youthful - Looking Skin",$98.00 ,Online Only
SEPHORA COLLECTION,https://www.sephora.com/product/glitter-o-clock-brush-set-P426092?icid2=products%20grid:p426092:product,Glitter O'Clock Brush Set,,Limited Edition
HUDA BEAUTY,https://www.sephora.com/product/liquid-matte-minis-P420241?icid2=products%20grid:p420241:product,Liquid Matte Minis,$33.00 ,Limited edition
Sephora Favorites,https://www.sephora.com/product/sunkissed-glow-P431411?icid2=products%20grid:p431411:product,Sunkissed Glow,$40.00 ,Limited Edition
Verb,https://www.sephora.com/product/ghost-shampoo-conditioner-liter-duo-P435397?icid2=products%20grid:p435397:product,Ghost? Shampoo & Conditioner Liter Duo,$60.00 ,Limited Edition
Kat Von D,https://www.sephora.com/product/fetish-eyeshadow-palette-P437308?icid2=products%20grid:p437308:product,Fetish Eyeshadow Palette,$63.00 ,Limited Edition
Fresh,https://www.sephora.com/product/facial-on-fly-P436348?icid2=products%20grid:p436348:product,Facial on the Fly,$25.00 ,Limited Edition
BECCA,https://www.sephora.com/product/shimmering-skin-perfector-opal-glow-on-go-P401784?icid2=products%20grid:p401784:product,Glow on the Go Highlighter Set,$20.00 ,Limited Edition
UrbanDecay,https://www.sephora.com/product/hex-remedy-mini-24-7-eye-pencil-set-P436034?icid2=products%20grid:p436034:product,Hex Remedy Mini 24/7 Eye Pencil Set,$29.00 ,Limited Edition
Briogeo,https://www.sephora.com/product/superfoods-shampoo-conditioner-hair-pack-P431542?icid2=products%20grid:p431542:product,Superfoods Hair Pack,$48.00 ,
Anastasia Beverly Hills,https://www.sephora.com/product/nude-matte-lipstick-set-P428227?icid2=products%20grid:p428227:product,Nude Matte Lipstick Set,$21.00 ,Limited Edition
Sephora Favorites,https://www.sephora.com/product/superstars-kit-P436328?icid2=products%20grid:p436328:product,Superstars Kit,$75.00 ,
HUM Nutrition,https://www.sephora.com/product/the-sweetest-thing-P436920?icid2=products%20grid:p436920:product,The Sweetest Thing,$39.00 ,Limited Edition
Anastasia Beverly Hills,https://www.sephora.com/product/sugar-glow-kit-P423925?icid2=products%20grid:p423925:product,Sugar Glow Kit,$40.00 ,
OLEHENRIKSEN,https://www.sephora.com/product/3-little-wonders-mini-P389051?icid2=products%20grid:p389051:product,3 Little Wonders? Mini,$25.00 ,Exclusive
IT Cosmetics,https://www.sephora.com/product/it-s-time-to-celebrate-you-P436127?icid2=products%20grid:p436127:product,IT's Time To Celebrate You!,$48.00 ,Limited Edition
Dr.Jart+,https://www.sephora.com/product/maskapalooza-every-mask-every-concern-P436333?icid2=products%20grid:p436333:product,"Maskapalooza! Every Mask, Every Concern",$139.00 ,Limited Edition
UrbanDecay,https://www.sephora.com/product/elements-eyeshadow-palette-P436261?icid2=products%20grid:p436261:product,Elements Eyeshadow Palette,$52.00 ,Limited Edition
amika,https://www.sephora.com/product/smooth-criminal-P436072?icid2=products%20grid:p436072:product,Smooth Criminal,$120.00 ,Limited Edition
Too Faced,https://www.sephora.com/product/just-peachy-velvet-matte-eye-shadow-palette-peaches-cream-collection-P422449?icid2=products%20grid:p422449:product,Just Peachy Velvet Matte Eyeshadow Palette ¨C Peaches and Cream Collection,$45.00 ,Exclusive
FENTY BEAUTY by Rihanna,https://www.sephora.com/product/two-lil-mattemoiselles-chill-owt-edition-P39753485?icid2=products%20grid:p39753485:product,Two Lil Mattemoiselles - Chill Owt Edition,$19.00 ,Limited Edition
dr. Jart+,https://www.sephora.com/product/cicapair-friends-skin-soothers-P436667?icid2=products%20grid:p436667:product,Cicapair? Friends Skin Soothers,$36.00 ,Limited Edition
Fresh,https://www.sephora.com/product/nonstop-radiance-P436355?icid2=products%20grid:p436355:product,Nonstop Radiance,$60.00 ,Limited Edition
Velour Lashes,https://www.sephora.com/product/the-effortless-kit-P429278?icid2=products%20grid:p429278:product,Effortless Kit - No Trim No Measure Natural Lash Kit,$29.00 ,Exclusive
stila,https://www.sephora.com/product/glitter-on-go-liquid-eye-shadow-set-P427384?icid2=products%20grid:p427384:product,Glitter On The Go Liquid Eye Shadow Set,$25.00 ,Exclusive
Anastasia Beverly Hills,https://www.sephora.com/product/metallic-mini-liquid-lipstick-set-P436413?icid2=products%20grid:p436413:product,Metallic Mini Liquid Lipstick Set,$25.00 ,Limited Edition
Winky Lux,https://www.sephora.com/product/sparkle-kitty-lip-gloss-balm-kit-P436018?icid2=products%20grid:p436018:product,Sparkle Kitty Lip Gloss + Balm Kit,$16.00 ,
stila,https://www.sephora.com/product/big-shots-redux-eye-set-P435964?icid2=products%20grid:p435964:product,Big Shots Redux Eye Set,$25.00 ,Limited Edition
SUNDAY RILEY,https://www.sephora.com/product/flash-fix-kit-P436904?icid2=products%20grid:p436904:product,Flash Fix Kit,$28.00 ,Exclusive
SEPHORA COLLECTION,https://www.sephora.com/product/this-is-coco-nuts-set-P436459?icid2=products%20grid:p436459:product,This is Coco-nuts! Set,$20.00 ,Limited Edition
Living proof,https://www.sephora.com/product/all-i-want-it-dry-shampoo-P436068?icid2=products%20grid:p436068:product,All I Want Is Dry Shampoo,$23.00 ,Limited Edition
OLEHENRIKSEN,https://www.sephora.com/product/balance-it-all-essentials-set-P416954?icid2=products%20grid:p416954:product,Balance It All? Essentials Set,$34.00 ,Limited edition
Viseart,https://www.sephora.com/product/grande-pro-1-P436732?icid2=products%20grid:p436732:product,Grande Pro Volume I Eyeshadow Palette,$150.00 ,
Caudalie,https://www.sephora.com/product/hand-cream-trio-P437261?icid2=products%20grid:p437261:product,Hand Cream Trio,$18.00 ,Limited Edition
Natasha Denona,https://www.sephora.com/product/safari-all-matte-eyeshadow-palette-P436474?icid2=products%20grid:p436474:product,Safari All Matte Eyeshadow Palette,$129.00 ,Limited Edition
Natasha Denona,https://www.sephora.com/product/sunset-eyeshadow-palette-P419117?icid2=products%20grid:p419117:product,Sunset Eyeshadow Palette,$129.00 ,
Kiehl's Since 1851,https://www.sephora.com/product/collection-for-cause-P436375?icid2=products%20grid:p436375:product,Collection For A Cause,$50.00 ,Limited Edition
Kate Somerville,https://www.sephora.com/product/radically-radiant-P435210?icid2=products%20grid:p435210:product,Radically Radiant,$95.00 ,Limited Edition
OLEHENRIKSEN,https://www.sephora.com/product/sauna-glow-tm-P436379?icid2=products%20grid:p436379:product,Sauna Glow? - Warming-Cooling Scrub & Mask Set,$39.00 ,Limited Edition
Beautyblender,https://www.sephora.com/product/two-bb-clean-P406235?icid2=products%20grid:p406235:product,Two.BB.Clean,$45.00 ,Online Only
Verb,https://www.sephora.com/product/ghost-kit-weightless-protect-P436064?icid2=products%20grid:p436064:product,Ghost Kit: Weightless + Protect,$48.00 ,Limited Edition
Benefit Cosmetics,https://www.sephora.com/product/theyre-real-real-big-steal-set-P412760?icid2=products%20grid:p412760:product,REAL Big Steal Mascara Duo,$24.00 ,Limited Edition
HUDABEAUTY,https://www.sephora.com/product/contour-strobe-lip-set-P426365?icid2=products%20grid:p426365:product,Contour & Strobe Lip Set,$25.00 ,Limited Edition
Fresh,https://www.sephora.com/product/sugar-carry-on-P436349?icid2=products%20grid:p436349:product,Sugar Carry-on,$24.00 ,Limited Edition
SEPHORA COLLECTION,https://www.sephora.com/product/ready-in-5-eye-brush-set-P417918?icid2=products%20grid:p417918:product,Ready in 5 Eye Brush Set,$20.00 ,Exclusive
Smashbox,https://www.sephora.com/product/try-it-kit-primer-authority-P398374?icid2=products%20grid:p398374:product,Try It Kit- Primer Authority,$29.00 ,Online Only
Herbivore,https://www.sephora.com/product/balance-clarify-natural-skincare-mini-collection-P436892?icid2=products%20grid:p436892:product,Balance + Clarify Natural Skincare Mini Collection,$49.00 ,
glamglow,https://www.sephora.com/product/the-problem-solver-set-P436103?icid2=products%20grid:p436103:product,The Problem Solver Set,$79.00 ,Limited Edition
Viktor&Rolf,https://www.sephora.com/product/flowerbomb-travel-duo-P261810?icid2=products%20grid:p261810:product,Flowerbomb Travel Duo,$35.00 ,Exclusive
Sephora Favorites,https://www.sephora.com/product/summer-hair-saviors-P431714?icid2=products%20grid:p431714:product,Summer Hair Saviors,$38.00 ,Exclusive
Marc Jacobs Beauty,https://www.sephora.com/product/eyeconic-eyeshadow-palette-P420951?icid2=products%20grid:p420951:product,Eye-Conic Multi-Finish Eyeshadow Palette,$49.00 ,
NuFACE,https://www.sephora.com/product/gold-mini-express-skin-toning-collection-P435808?icid2=products%20grid:p435808:product,Gold Mini Express Skin Toning Collection,$199.00 ,Limited Edition
Murad,https://www.sephora.com/product/active-retinol-renewal-kit-P435213?icid2=products%20grid:p435213:product,Active Retinol Renewal Kit,$68.00 ,
Buxom,https://www.sephora.com/product/full-on-fantasy-mini-lip-plumping-set-P435816?icid2=products%20grid:p435816:product,Full-On Fantasy Mini Lip Plumping Set,$44.00 ,Limited Edition
bareMinerals,https://www.sephora.com/product/experience-barepro-liquid-foundation-kit-P433988?icid2=products%20grid:p433988:product,Experience Barepro Liquid Foundation Kit,$39.00 ,
Biossance,https://www.sephora.com/product/love-your-face-P437251?icid2=products%20grid:p437251:product,Love Your Face,$42.00 ,Limited Edition
Est¨¦e Lauder,https://www.sephora.com/product/revitalize-glow-for-firmer-youthful-looking-skin-P436888?icid2=products%20grid:p436888:product,"Revitalize + Glow for Firmer, Youthful-Looking Skin",$88.00 ,Limited Edition
Moroccanoil,https://www.sephora.com/product/ultimate-moisture-favorites-P436713?icid2=products%20grid:p436713:product,Ultimate Moisture Favorites,$48.00 ,Limited Edition
Sephora Favorites,https://www.sephora.com/product/party-hair-styling-spray-collection-P436720?icid2=products%20grid:p436720:product,Party Hair Styling Spray Collection,$35.00 ,Limited Edition
Dr. Dennis Gross Skincare,https://www.sephora.com/product/c-me-sparkle-P437470?icid2=products%20grid:p437470:product,C Me Sparkle,$78.00 ,Limited Edition
Caudalie,https://www.sephora.com/product/caudalie-beauty-secrets-P437258?icid2=products%20grid:p437258:product,Caudalie Beauty Secrets,$49.00 ,Limited Edition
Drybar,https://www.sephora.com/product/full-size-faves-P436074?icid2=products%20grid:p436074:product,Full Size Faves,$49.00 ,Limited Edition
huda beauty,https://www.sephora.com/product/3d-highlighter-palette-P67880151?icid2=products%20grid:p67880151:product,3D Highlighter Palette,$45.00 ,exclusive
Benefit Cosmetics,https://www.sephora.com/product/soft-natural-brow-kit-P410753?icid2=products%20grid:p410753:product,Soft & Natural Brow Kit,$34.00 ,
Josie Maran,https://www.sephora.com/product/be-love-give-love-argan-firm-nourish-power-duo-P436361?icid2=products%20grid:p436361:product,"Be Love, Give Love Argan Firm + Nourish Power Duo",$52.00 ,Limited Edition
Viktor&Rolf,https://www.sephora.com/product/flowerbomb-gift-set-P429714?icid2=products%20grid:p429714:product,Flowerbomb Gift Set,$125.00 ,Limited Edition
Laura Mercier,https://www.sephora.com/product/custom-setting-matte-glow-translucent-loose-setting-powder-duo-P436030?icid2=products%20grid:p436030:product,Custom Setting Matte & Glow Translucent Loose Setting Powder Duo,$38.00 ,Limited Edition
Benefit Cosmetics,https://www.sephora.com/product/hoola-bronzed-n-sculpted-set-P420622?icid2=products%20grid:p420622:product,Hoola Bronzed 'N' Sculpted Mini Set,$17.00 ,Online Only
Bio Ionic,https://www.sephora.com/product/glam-on-go-P437461?icid2=products%20grid:p437461:product,Glam on the Go,$230.00 ,Limited Edition
COVER FX,https://www.sephora.com/product/glam-glow-liquid-lights-set-P436399?icid2=products%20grid:p436399:product,Glam & Glow Liquid Lights Set,$42.00 ,Limited Edition
Anastasia Beverly Hills,https://www.sephora.com/product/contour-kit-P386335?icid2=products%20grid:p386335:product,Contour Kit,$40.00 ,
Natasha Denona,https://www.sephora.com/product/eyeshadow-palette-28-P411835?icid2=products%20grid:p411835:product,Eyeshadow Palette 28,$239.00 ,
Smashbox,https://www.sephora.com/product/cali-contour-palette-P429909?icid2=products%20grid:p429909:product,Cali Contour Palette,$39.00 ,
Shiseido,https://www.sephora.com/product/benefiance-eye-bundle-P433615?icid2=products%20grid:p433615:product,Benefiance Eye Bundle,$60.00 ,Limited Edition
Est¨¦e Lauder,https://www.sephora.com/product/protect-hydrate-keep-glowing-with-powerful-protection-24-hour-hydration-P436887?icid2=products%20grid:p436887:product,Protect + Hydrate Keep Glowing with Powerful Protection and 24-Hour Hydration,$35.00 ,Limited Edition
Sephora Favorites,https://www.sephora.com/product/perfume-sampler-P426358?icid2=products%20grid:p426358:product,Perfume Sampler,$65.00 ,Limited Edition
L'Occitane,https://www.sephora.com/product/holiday-almond-ornament-P437480?icid2=products%20grid:p437480:product,Holiday Almond Ornament,$14.00 ,Limited Edition
Verb,https://www.sephora.com/product/hydrate-kit-smooth-restore-P436065?icid2=products%20grid:p436065:product,Hydrate Kit: Smooth + Restore,$48.00 ,Limited Edition
Anastasia Beverly Hills,https://www.sephora.com/product/lip-palette-P417271?icid2=products%20grid:p417271:product,Lip Palette,$48.00 ,Limited Edition
Violet Voss,https://www.sephora.com/product/flamingo-pro-eye-shadow-palette-P433200?icid2=products%20grid:p433200:product,Flamingo PRO Eyeshadow Palette,$45.00 ,Limited Edition
Yves Saint Laurent,https://www.sephora.com/product/black-opium-cracker-gift-set-P437223?icid2=products%20grid:p437223:product,Black Opium Cracker Gift Set,$32.00 ,Limited Edition
Velour Lashes,https://www.sephora.com/product/velour-silk-lash-holiday-set-P436275?icid2=products%20grid:p436275:product,Silk Lash Holiday Travel Case Set,$39.00 ,Limited Edition
GLAMGLOW,https://www.sephora.com/product/the-superstar-set-P436084?icid2=products%20grid:p436084:product,The Superstar Set,$59.00 ,Limited Edition
tarte,https://www.sephora.com/product/mermaid-staycation-P436688?icid2=products%20grid:p436688:product,Mermaid Staycation,$32.00 ,Limited Edition
Glamglow,https://www.sephora.com/product/paint-town-set-P436106?icid2=products%20grid:p436106:product,Paint the Town Set,$89.00 ,Limited Edition
FENTY BEAUTY by Rihanna,https://www.sephora.com/product/lil-match-stix-duo-mini-shimmer-skinstick-set-P44913784?icid2=products%20grid:p44913784:product,Lil Match Stix Duo Mini Shimmer Skinstick Set,$22.00 ,Limited Edition
tarte,https://www.sephora.com/product/foil-finger-paint-shadow-palette-P425208?icid2=products%20grid:p425208:product,Foil Finger Paints Shadow Palette - Rainforest of the Sea? Collection,$39.00 ,Limited Edition
Fresh,https://www.sephora.com/product/frequent-flyer-P436356?icid2=products%20grid:p436356:product,Frequent Flyer,$19.50 ,Limited Edition
Natasha Denona,https://www.sephora.com/product/lila-eyeshadow-palette-P421738?icid2=products%20grid:p421738:product,Lila Eyeshadow Palette,$129.00 ,
SUNDAY RILEY,https://www.sephora.com/product/multivitamins-set-P432053?icid2=products%20grid:p432053:product,Multivitamins Set,$28.00 ,Exclusive
stila,https://www.sephora.com/product/with-flying-colors-mini-stay-all-day-liquid-lipstick-set-P435963?icid2=products%20grid:p435963:product,With Flying Colors Mini Stay All Day Liquid Lipstick Set,$39.00 ,Limited Edition
Smashbox,https://www.sephora.com/product/holidaze-always-on-liquid-lip-mini-set-P437286?icid2=products%20grid:p437286:product,Holidaze: Always On Liquid Lip Mini Set,$29.00 ,Limited Edition
